"Back To Top","Back To Top"
"Main Color","Main Color"
"Main Font","Main Font"
"Storeview","Storeview"
"QR Code","QR Code"
"Full Slideshow","Full Slideshow"
"Reset","Reset"
"Box/Wide","Box/Wide"
"Background Image","Background Image"
"Don't have an account?","Don't have an account?"
"Login","Login"
"Register","Register"
"Sign Up","Sign Up"
"Buy Now","Buy Now"
"Quickshop","Quickshop"
"If you have an account with us, please log in","If you have an account with us, please log in"
"Shop Now","Shop Now"
"Product Quick View: ","Product Quick View: "
"Quickshop","Quickshop"
"Create an account","Create an account"
"You have reached the end of the products.","You have reached the end of the products."
"Loading the next set of products...","Loading the next set of products..."
"Show Footer","Show Footer"
"Hide Footer","Hide Footer"
"Show more products","Show more products"
"You may also be interested in the following product(s)","You may also be interested"